{"file_hashes":[{"block_hashes":["d7S5cxNoIQuPiHYwd7vsGuNwIwqYfA8Oufo5vqijDS0="],"block_size":4096,"path":"icons/stubhub.ico"},{"block_hashes":["ZeJnvAM5QW6IV91rvLh19LVaou4TXJEpW+n9yTEqTRc=","RQsxCi95N4FlZh/4PYpVzisSNmAXLqCPansx2entL10="],"block_size":4096,"path":"icons/ticketmaster.ico"},{"block_hashes":["ID4k0yECgGFwRfshk33cR/8W4tGBnOBIOOhantz+UEU=","gASbBkcQ/fBd+y+7LqSRn3peb/72n+CRDWyVGM9RFDQ=","kfcMEwzFEwQ1xdyBxKjyFZgLY5F0gMlipSyBrXr/PVw=","MHNqnDizWwgJWArPmUqwrh86fiT2X1B0H7J93Tqtag8=","mOeqyZTHo9k5Ubuv+iEQjgtn2lBAGpoOHO2PbKuh24c=","4a9jqvDhOvqqYJGMF1Yqr/Tc0E32duX9IqXOGQa8JZA=","hlm2/tC9DrfhOpcnTTju7KVuhTD+dwxqeSotGC33MK8=","SNc54dU3r2R2/+bSmGRDX1yON0XSqEapl8TItTxa0dc=","Vln1wMPqEpXk2tf7sx453xVi30EmXCIRo2devG97e5I=","cDpuyly/ubsGvwQL9p6h61KLntqdUmkcvb9NphqrzoM=","ZJU4outs4a1Fx6jRU6uHXvS7zoixdlgsmbiWTj2RJiE=","3oy6VNY1lEIwS0sfEeEqh4O2flbUCaIxIqCAOrN2zHo=","sj4EwXDzO9GNQR5P6bWPs2jYcRm1rM5wswLDJonk2ic=","nGdjaApCN0IUzTdnCSwricopWN3H/pxfkst3uC9kkQM=","IFUq+0Oje0YZ+6j6OnKnHUBKyVB0dGWZidCmfmO6B6U=","1aesuK+RMx6Yiz92wPPGOIk8Bjn/6SRuay3pkMVmh5w=","lB/HzV1a7OLMYGWezjl0smOpG00ObrtF+z+EFdijZ6k=","9u+OIsFfCVipQBwdAcVGq3badm+Al95bzt1zCua0PBY=","kwX6BOX0g2U/3GvrwaK5KMfDh3rgIDVh0j5MUmMVieQ=","Vn6X/dufV5wXvfxyeQUiUnGQ/qyaHyDqe5NJXu20x/E=","HyPo5UjBnP7OytXA+m3MkEerantJjTyRR6I4cXoqQ/A=","Dta/BjyXv0Y5kdQvkt3aS/qOpAB6HlSaVDE7jsGyAn0=","PSq1+zn/Q5DkDl58lOBTeOLJRfgubHzbYC2F8ckX2tg=","l3/1COnd+lV97SuvnPwl48BnkYXjxW8gQeekAa5wX0A=","nwXOYD8o7SsLSwVUoND/NJMVY/o3QaFZ+34CKu1zE/Q=","RU5JkK+UuJkBtoqb8lgUxpO+0m0XPrjdNsRvRR+vIcE=","MD7qXgUuVq2j3Vo3HUFgXXJYppMwzRaux6f4psgQdrU=","lYNuBfGKV+fwojlmrgPNjHPA7WVBpCjWC3t1T1S8kKE=","9+RJn/fItv8VPk01UFJqNqeCPmvUZrqO8sZvNCyr28w=","6rVw4DYI/6EwnZ7LtRAF/55StPD1gZjuzSqa3h+2Adk=","Ik1HuMEdGkp+iyhyQepVEYj5o6vEghQ44lnreJqKXzI=","CfA37M9P5uOsgP6ESQi++oQDiDWABZWxs1EfzTV64Ik=","3ynL4+PZF0EV3MYjexrcRa9TnoI1/RmZyBOk7rpS2tw=","WJPfBY2Hk6fEPa0/ylRz5dXEwDPiVnkBeXjEo7Vq/M0=","OU4q8bPYT3vlgUm6e3oFg+RmxH8WbmZ2E3b9V2N2rOY=","0tDpkbQPZNyIfvxmLgCkyqmxH2Zy5yUKNTD/tgtz2EA=","DRUNucUY52uCIrhgaMF3ZjaPAFll0pjb0nqC0AADvlM=","EbL6v3J2pKiZ2sFEpooo1MP/SHoXdtbmu4lSVuKzLm8=","sLWlRutTd3RlwWcC8MgtW9pqCJSATUOJoodpy7aSly4=","fEVOfubXDyqrsJiOY0HlEirNG6vIjWimwVqS28i+SQ0=","C7hDpSIMke1YUfGYA0cY90xlMBWNAEwSYrr7WrYcz7I=","2sAQiLSzu/9qLGTxB3h0UzNroPlzvSaOwrPwrNtchPI=","UUsSV+UgU+Hj9ryDhkg3GrfKMu/w6TmyYb9UTvKtmig=","Bjzoc7ABhlPHc7nUwjLOlEeR26Nk8mpnhyG91W90+Ug=","678ds9beyMydnKywCtZR0JvlmR4gofr67M5ls0BJsCg=","c3dwBb3p4BI+AKr1dEg4wH67m3/CWOCe58liO9D9vAE=","Ou2kGmxER9ppCm67iMYGrk1YB/Ox9rBlF7HA0xCAcv4=","C0uIm6uzIsXGZ8V9qKFkLLk6GWBcZUZQtay9hX0hdmo=","Anho4AuLKPsMWcDFRl3wDzNQdlpNwPWsE0ErjKvsBX4=","1Totp8BC8rBT3++1tyj3znC79UgUTJxSgW3tb+hDX3M=","5KLezEh0RsQQAaeyNslqr/Rz7/IBHDp0r5s0SSnRzoU=","bXoKdkJIlgkYNYflC6zH80O1H19RuoWBA1pIxJbkQJI=","+rwtCwbNaCRaYbL4lVC8yOQpd6KWw/cXlYqEh5Xw+vE=","4CguEyLkeqgyrdyhJSYjlTz+YEU6sHdwElQkLy2r9D8=","lHD4MU5AQrLHNtzq0vVtehdgogMbaoJL+Tn2YyuKhNU=","1hlhD8OOqwQCjLYkqw6V0SeT+DtKRBubUrsep+Nw/Fs=","06ailujiKwINuZ4EE+TNoX1bI21trkxgKW9POfH679A=","obuLkjmuqMnW8cLMYr0Dz8+nJO9CM1zHqmGM6y3fd3k=","E29UTQlWJYmsxs16FY/mi+N46Q0CgtYsDdvDyU5nC0M=","05+iVAHLGNmjzvwwAdUZzrzhXb1kq40qGRwwGbAFeOY=","LGL67gyu8KUUikwylH3CoJ3ZO/RR0KQjFII6Z0iDnOU=","aoCXBNiu/7mbyLeoAb9se9ku+EaFBTP4L4rkUHwrQDw=","bg/euAbsK0NTeY9QMVfKrlLxRXHDKUPL6fyvD9jOXCg=","DgbVD+XxHx0Gj9KgizW5MxvKHG9L9VtX6Zv34vb4668=","ja5C0R/gWS6GtKywawMeYKY2XArOvJG7c5SZvBsLo+E=","VTwpnNEYrfZC/aeucaYp7TkK122f1rOf0qGlgodhYyY=","VCuw6BiwNzNzQiIYlU3H2TUJBVYkazJxFIiW4fH44Ks=","BCZ+DYyORWvL88CUIvKgrj16rmpTgwEJpsbUMy00rXs=","1IJdizmMQrhOSbt307ApjNF2Jud407Tm7NaiYq/Igrk=","Je/kc05vsledWx6R3Q6XQLf+5xf5bWccmrhJyjlq/Z8=","0dY2qUqdzNg6wISQQbpcKI8pnKl+rxEQaLGINfirbyQ=","FuRBlbKpV2w00dfpp/khN1J1j1Gh5v002X4QDILmpyM=","Pnq8LwIugHlDh6m1Vt1nXUNLFHuq+Hv8YxmECFTBKp4=","0tbZWRNrE62hywLxnv85OWFRiDXObb91zbRHF46Bpq0=","Vr1bRQ3V1syeSJlWeW0XdtoTyVXDxMwjY/Akgx5svBA=","RbNAfBZQvsxdK/pdSn5JvH2B8iIEXV7ntOG7XtmLZlg=","FZlUSsibV6+FHtYVAvnhPnkEXlNyyXZ/e2UmPb3IfMQ=","pwtHd1S0ekzk89YDGcLsG/Ws+0lWW8oH9Q4BycD57nQ=","5k16cVcjAdyzD34ITz8jVrKq0OEe8uJyjqiWh9qThGk=","Pol2u3MNkRmXsiQeGkZGVJhU259B75xD8bbOnnjgg8E=","fmzTk065lqNSaENYqMNQSiXE0xc8GCpbmpxfazO9I1g=","yJ8QU3hNehvfqWhTTSqiEB4En1n8yiF7Vyc4sxxYmIk=","nrWfJXFMcucu4l2n5qrIvcIfAFno3jmWaDZCKGNe54o=","sHz58rRMA6v4n3NgzxbIwGKPVwrSU3CquGokttiW3gU=","gKabs9Fqoa7zgbRgBzkeDN+2QF11dRBQzVIl3RyX7rs=","SFiTzzWrDVvdd6MKaIy+pzQHplLx7IoTJbUGD+/DtEk=","RFIfetUZWT3Mt2zncaUEhCgaI3qLgxDEMYxakpoipDc=","Hdyt5ZbTk/UATSGL2443PHFbkRwf3TDPt+bw78ASAes=","fdDYWVSeDqO71UXh/A6ZjT3QK48TmVtI/McUTMK3DDk=","ZXQyglhpZ5D90UoGXA3nEjy9VfxLOQH5yi8sdBekQb4=","OYeNBxla7oUd4YGEuXgpTka7iD0UjReU/x9pg7vJ0Lw=","itwmhk5eQBYbVXStJhtUgZHc6k7IFYZCx+KBo4VD8qo=","vNYrewBESwp4ZimVMbv8eJeeLvFikKiHM++xFnyO3Kw=","0vwzTNUMJl5dpoMkcihvyLNAZSG/Fj0NgQaCdLToULM=","UBcoGKMdGqG+x1GVwTzN3dXgoPbDle/XBoN+PIBXE0o=","4jsgK+LsIxadjREaYCteN4XJDvWsShnrzN8Xoj2J9Gk=","aLq8HJpmL4VWiywszE/16ZMQfi/iSDgqznDc5/SC7m8=","VzI8yNq8Y2xN2LkWHF8hlyAWeq0LqIbBULiXnfzlXdU=","KbDYIfeprvJ653266vJFPY8tjYoSVYzGb8vd0dLy2es=","LtE/zXbbR/x6OGZbfRDSRYPuk6jXCxT1zTi1/gh6+Fg=","Fi5QsQxsw+2h5dksoWB/RcGFYb/WY4Yf0lEeaXHoN7E=","DTQU4LXgmK1w7ljSmyo7xLB/rXDy3Yc2PTMCwsm5pqY=","0K/lqU3o2/d+q76DhW8Z0fd84K78jfdcOVNHQ/BZ3tY=","7a7rZxq2uTXO9Dfv+37KPTW5HPfGVtHP741gwQErEb8=","jEJ9AKWTnw0QQ92u4s3O8Jj4Wr3zzCUNDjg/q6qIB0o=","ytzewfpLN2YXWqerkWAxnNbEYkJBN1njTAPMYCLSxVQ=","NjFrjSLi+iDdyve/PgKFcqm/V+g1HFM36V0cwd9hlO8=","qxJ+fddmAjjyaxdo1ygasO16xj7TdGXdhdX+FE5ZXY4=","ZQpCPTd9ADWaOjQIMGdRktDVPw17zOjMvmtC3JJHZ9k=","AIQsfG+phtUqLJ01L845hT/FRJjqUOCO/Z0c+Ini6kg=","o0Qamf7fRV86zy+HVUvuSZCNO8Si/fymx3QM50SSzqE=","BeCHIdnoN4vWtHnYqQH38F9oqC64IcbAGYemsnImlao=","T06Ig4pSO8e3wY8Y0pstLOjMNUFRTz/1froXeqNbmXA=","B9emohSvMRpSIVj9cOKYQMI+WtrRfiE9TGT6/7/BgC8=","6gGO/Gbqu/rOf0GlXeuqIyvmeqyJB4WZ8d0JV8aDNPE=","TWuGf2RAoDJL2qybplNZgrethm8Jpol0DJvktGr8uFg=","IBF7LuG61RQ5GICk5WfyT2CAcLoER8adNrCc3iRKk9A=","K/nbfKGBA7L6azIeq3wKyedeQi0HNLrkohE+VnKCRLI=","sTkH55EmYxYXkjwbiHCu5mYybJOpw/DRdjnxf8CoZnM=","nC4fLuYRkN2A+AylfAQIpxhyJgPgFWEpQKbgPyJa7fQ=","8YByiZxX+QzNtHzDiofI2fAixEV2xeyOKGt2gJq/P1g=","EFZmm1h9uFklGb5InWRSeiTcOz1nnYbTuSpafUFPEUE=","4yvnC0xKTzA3gp2uQLkcGV3nSUAaLdSFo4rU4bzhceU=","Rs6FknbFVFziBgljPOYZNNpqOqCbLqcDgpIllpkL5yU=","yXwLIlelE+2Q1FFlzcqQ03Rp95Wuae2Rt1JCoKdLrqo=","dCWncBJs+EXVTC8xivRlLzsA/TooyEfNeebM/0Pm/Ig=","86gj5l/XTZSsp2nKNP5B30PWVBgreOK7CDO5RlhA9bw=","OAlVJNsKZHg/pBQjDlsIpL1ADPEPM/+wAe1c67KXq/c=","ZVUkogzrHN0E4i0R6Oq+GnFRz0y/dxMZ8yyAjR7HNFQ=","dZnLvpyUURxT3iUs/badgB/JDTkoeBk3e828tI8kr5s=","+9Rha1aOVbCJ1Nvvl65WpAJBZaz5Qxs/M6yZaDwRPZQ=","FBQnRv2anVuHRry1+NFVJiWJrfvaYxTLEtYa6dtwCsw=","i4/H/FA8yGkMzwWwBBS3jdopUilUj3iRMLaQhEQJ/co=","UpysvdvvPimmmBpYFrlt+/AMfiMEWIs4FoMUCDUJ7mw=","up11J13CyauJiO76fDn544J6in32meeJdnf41JoqMgw=","yMdDLGKnovZPR4TgMV9bEqsvO+K+XIg9Y1tBM1LENVM=","uSyhu3opXb6GfBN+W4NC4a5J2hM9iyLOjfeQzE0OPc4=","IOOzeJ1tMyJQU4DvFu8i7JTKtX/tAmfDVAUXr6lRZAU=","v1G2pZ3mTAr1aPxUl1/0HNAWpmxkk1j8NNq9oAODRqQ=","6oMAv9GXeKIXtyZhz44Q1BXxVVfp6Q3zTO/vGEwCtRY=","B54rx42y/X+ceeuJqOk2pmcQy+4LxstiYCiYzBE+hqs=","tfTfj2b84moRfpONWaXh91FRh3M/lcBw/sBkqiYASWY=","KdsYbhhVW+Y7bQBnNvGTZvAGfZRB5WhPoM6D4JGdtTo=","+LYbaDOKfwjQP67odl920o8gb9OgMQD52ci90urKZ8Q=","YQ++xQC7B4TYRJUh4JgmF5dOVn2eKABe/73US2vX80w=","tVh74j3C4wOwwQsjbtN95xgi+dYJJPXKDT74q/xRSJs=","GC6ml98+TTebg4Uy4DnT+YKl5jRuQl5hrBQHmpYj48I=","5sKfED2I9AHxQnZMHWVwRcKU+sXtrhknoC7ZNWng5FQ=","aS9GmygnOaZLq7z7cgX00xVVL5fe1k6fU8EGAYVXI44=","vrMmftV2Pa4g4RSdpjbzmkcuKtGbf/ueAIfLe7uXY7U=","BP5QvzamBn2VQqvP71HcF/zfgOa99xhvozPZWaKmdo4=","YI8BFeQcadxdholCzoq7rGehdkHemHF0WP8SOkqv57Q=","InMldiygWMZgiY0DazmvSci096YZGiGNruGzz/gSs8c=","lNoNjovDZXWDC45IRszLBEF3FR/Jk2pQEZm9c+AO+to=","Ted79BMVzf95tXbJMmdCAfyZeoJwJ3WYrw7L/BDeUbQ=","PBvsgphtre8sW6bLcxr5zY77RtHu2/XlhCOdTbheKPs=","gUBjFui9qnuPCBWIQ+jIRwiQdjxJqM3vGuNnYOtU0tg=","nUW3MkKMMtKrB31Gbk999xDyO6KcW/aZq8C3icYxOdM=","/lypWkMCUBs97CmCbHGO+ff/8sf+qR/iiMbW1R4syXs=","6motzDHBZOS4ZC4W3X0ARhueWF0xLoAa/CDc01Pav/c=","KyQyBcrMij7Dwb1HaNnZXeeqaUnj94olz/6go77Vb3U=","XIx+BUaAzPNfRmam5fjJa4pZ9B5MjW1Gs7ID39qCW44=","/oWKIuaczYbIFFqtkAE6K0Qp2J3UZz1JrOv1kAEFfOc=","pU5RIGOaOYfvul1o6n8Pbh6a6YE29RsEbw19w3NXK74=","hR89pTY7/9hqMO8MX1HjDIhTIhWs0xQQlxuEf00dKIA=","UY/9eK656WRtlEDdqlWq4580CO5uX2ci8njRlVs567g=","3t5pFUfDV4FU9rogNMKTDaix+RI4iAFzbsjdzYCL998=","YbhilrEfffI3Wcqejzg0S/izuh3GNbZQidp/o0DfluE=","ilP1Gc0JJBlExxMEDhLplL4ypwD8QOWK/R2rLFKzNFg=","vzpJ+viVh/Y0GNCvGqumqE+KJ4D/1cRU2lpBHnE2TYw=","k02LeucbBBXcie0XD1EFxJRr7f4pC2jq+c/ANaDLo0g=","uexbUtHRe6GJyIKpaDWoNW+qDpRs8d/1BEPUMUkkd0U=","qLLemyQomdH7w5ZR+5zDwbGJPSfCVvsmCfQwlvLf/R8=","bliPuucn/YexmSz+JLMgPh4nQ67br5qe27156YZNnFQ=","uBG5+EPbds2OLC7ksZK75jW2gOZBtodYqni0v5xtkQw=","reJZipbUWbtdqejJCLYqd4G0BGbhS2Q6mjd3FdWjsmg=","9XR+LUhAm1JFqyZD4PJ8IqtIPlwL/O0WlYGAzFsBcsk=","oi9QSFHdNOIo3zY9Or8f/cA9xZhknU9GfwUTE+zN6uY=","cfSqvVrCqHah4VH0skHC9bnmd2Jslpq+P/ZkR54tsF4=","Sd1XBnDgviesA3v0IShSyjtsnYtjZM6V3acQMV2FF+8=","fNYPU8QblLuws6x9mZH6e+zt+qlNXMmGkSxv5UDe1L8=","QSOhvCqV6MaHtrQSjfyMFWc4K68IJpJfUtsa5BwxH48=","dqjphbih03pHchpmXxlkv02DKXIPcUGEIDfd8ttU5ZE=","UrfbnT6ni0Qsxc2e42IRj/XNOlf2VWYbKmwtCCVgiA0=","dWtG3ZJ+0QhXyEVpSU8rzfx/cBr6kauBDC1pHf0VcMw=","mGGAMpew9+ieYm/ThNK/KdwRr2id2LZGXPdAxaCBNDM=","xbm5FW31X+6rKhU6oOKYWLmL3ybQRy5TIykLOXwsLeI=","EdAHXA/zP6iesUytxoqkG+QFipuVv38uWUGMM4bDpZw=","9KTX7I8XcOJFNKhkIIJIqPp2LGO6ujjj0pIM0fQNf38=","qf1Yj4HJy4FqLs/zCG5E8RhGpxeHJpcsqXxdFE7zJDk=","StbvHlHQQE6Tppe/DyGpnSqxpTxX8nwS2L4GKJixkw8=","bT6Es+Dk+irvLPKotGdEVu8uqyNeqeDXXXlnKvJaQW0=","r6ZObT0uPgm/0Wa5l5a8Ic+jL6zQCPSe8Ec7ESvlhPc=","uCtk6k0KZhEo+11nLVdi6fnRsh7s4XQjz/jiGsuzMPc=","pqQ8JvZ3FmgPqjzHitdGEXIcRHU9Wewv65UlJ6AbJQQ=","7ZUxOZNnJv455xUzJUVke9ssXFyRimPKPcYUDuEHll4=","hVICoDDa5vh6DpjNHBXXQ6uycsoN4tl/qvFACGB81Nw=","H3jVZYfdh1IZfgZbDGxhcOlmQ5wuMcMZpRUGszHWp1U=","9xRT1xFevITxeB9/BdGv9Sc9Z8UGDFCM/WJoFrrtlGA=","RSoVeN1AfAQVUMxcAHoPFTVu+6hDUfmapjUNcJHoip4=","Jd4wdwq9LfzHIjI8xw8QPS9a0TU7q3cd9r4uhnAvU24=","jm4yvF3N1Abm3KW7Wb9PIHeuO43sB59ztJjxI92nMmg=","JIVqVb5kz1vG5c2+DSRSCe3CAqUSZnMvhl2i3UbXSOg=","PI00Mj5aTVcbnZXMXP4Y++d3UpRS7Nq20ZacA/zXj70=","3Z3telWIxyeBxxDqCK79P/WQ3yXl/Q/CrJBpiNyWgGk=","UO/Zk2oe8tkjtyGfWD68dTanYYRYriBrsapCDV9u2rU=","aRZtvBVGPuVvE2BaCzKEEeUessZ7Id5GxoDqjf2zzdI=","HiyMkuPdUlLKXUSl50PgpRJ52DVKpvPZk5J4Dc/OXKc=","Brmnc7iYVNZ736ECS81wa38aDlDQSjC5JmJ/7fu44q0=","OBCfhs4yhg5m3nzD4lOdG2tU4G4RoLK80Ea/hQfxpJc=","ZACN7aBV1ptuUNOMSO0cavqKQxmlI0NFRISUsj606B8=","ERszVJYyKFvvf6UajoP8vSWft8wQiWB9g9KcZ9Ldxw4=","jik+4gMIZrxR3JTAFSGjUt1RD1pJGlqUa1CelocfhX8=","24gO+32TVMmUDK0d/5AUVLtIE+2+knS79kKPXJuZ4jY=","H3cMQl6EMS3PX1dd7dbYvTEUevJUNuWotfbSiyj0ejM=","E0Vi0AyKJQmf2tbUWK1hF+E4iY97YFjIY3oR0jlauS0=","GBmif7Zv7XEmZjH9k+3nYzqTacn8mV4AIxkrRJwgHzw=","J8nYmh8Ugwg5shOeZ7Kqjznk57FaKVcG7EyT74sZUYE=","x6NNDASoNdzUhbp8Rl4WYd6L78YG7XDVmOViWgdM8SE=","Jnb9k04PD2w7aPfGB0KVAh5rCSjCjArXCrdSPJIb9PA=","YDGcK2jX8pg1tRk0dyyKVDI0DiHNjfnV+hmuUzLwj0o=","jR/DNY3YscY9uhp/hhYXjSU4XCFFFjCOIoz/dnwn404=","/fwr7z638ggzzMkEEaevSRl/ZHg6FRAOYkeB9pJSRO0=","lBKz/LeJhUl8JN2NyTW3vpel9sPSqk9q1WYxNjibHoc=","ulxdR1I+Q297xVGorV4oShp+DQQ7aepBCMVLuLqi94Q=","ALWp3iFJIQzhHj5ESJ0I6v9N/YsPF/Tr7xVxa+4ht7I=","QSubhxPNH8iVpk43WU2CtwzWLrEEk5EjM+B/kL+ADEE=","CzF3Q+Obc1pcZuSIM8o1PgpPfVthYufMeLyNh3TGG1Q=","6YVZjWLANqWVqhtKwcIk2G0eXOyrPhcyg71v4UfzYbA=","c+pPnO/lQmkfgX8DIR1mk1CtiIo64hawfPHQm91Cs0Q=","WA61dRm0ysizPTyfZVy3M9Mu4naaMgtBno/1fXQsMmc=","iRlCvRaGO/hRCbdLB1NOoUZgIBjNfBV0m9V2ziwyA8Q=","uJZjYdLS18l3V0NtAa/crs8xad3FxG61770ZgqAAh1Q=","JQVK3N92qLWCSXAtztlHd4076z/CAWk/NIbawoSjNAg=","PRjGeQPheyHTsAycq1T/5SIsex0JzBNVAvOSkRDvRf0=","BO3MJX2t7hK2vh2s2t4rUuWUaEC3GvWFErzWWT5wnOo=","++nYBnBKY5BXeoaoO11GfI6VASlS8zel++72vSj874o=","sntDbH1necHprfvCz6KK767DeUcyPCcIMH8yWSwjCCE=","CUiDkUQyC4bm1sePg35+kBUqrULPsQXcSqRI9bwvY9M=","cmM5+bP4XkKGddrDxZgR04nECDtTqdlGIUqu7tKASfs=","qyzFA8i8m9FqCrdl9sOMpsNFPspNReu1PBpgjzANzSs=","dwKUwn5G2hlJxzQCNvpL8/m2PrUrviJLIU7+LW3b3r8=","Q9AKwYFHaobIViMzVXhSe0rMRTd4bqri6t4vhcawHUM=","7kB/K6aUqMB/d1zyXtx+zniaGRgEgIXQSq1GpdB4K7w=","bogFnM9YZwB3fvGIpBVLFUpYUYly1Qaj6yqp1IlRQ6k=","vXvuZpKlLWDrw8qH5vfArT0bfVyFYe/acAx/GJupz5U=","JOYf+3vswOUcsqyQp92NTxlmWJ6A3nEE4mmqtStTMxg=","cyRybRhrDGAT10a2wmCbyy/DxdoI6uLlU25NuTILW5Q=","eHEA4iWbhfaDsdAtBZwGJxqYgSocQYn14kpX6D2VR6M=","W0Vq/98oei407Q6HBEhnlBsj/vL+j2AO6toYntW1QyE=","8F+Ie9Qcqo8pi+63pifXf614Jw3JknSMCRi1KO60sbg=","Vyycospl0ngtxPt21N64P5xo965UaA+IohqMYDoNCck=","c+uOjER7YWQ8PyRQgGdj6KBzlhjFnqdozv34zxwLs4g=","oqIMQt+dw8H1v1x+8hFfHpNn4f8xItIckiUEw7rkNrc=","/GMzfMLgXH8ZJQfEo2YXP/R+aYs5kKKKzoVPiZQe3t4=","UswJ9lQwtjJMcYHLNdvmBCG31yUzJJQqnqgtGkGQeLI=","gt1woHL4iQQd9mj0FFQfK4txcvaztcPZ5IEVIiS9vrU=","wtgc8Eo70aETSrK0lcPrTnhlIGdjrZeaHLTvA2UEh0o=","5F32H55tAuLR+e+IAZPXFWVMYv+icPeQ4Hx35bQVLCI=","RT8WwDDc1Nq5DBUQDuxGdXBA58/mDdhz+9SB4STn7ME=","8H4T+9FsNrQQ+3T1BVYu7zO/ejhV186KLG4s7VvSKi0=","7W20/eLa9kg9TXRkdWaZi8foAGcZHB5N9Trb1iCoCHg=","RyFks5mhp3y7JSImMMM/MN/BHpzB+fEod3VpCQcut6c=","Pqgj57m+RWvJeB7Dd+2wzkzlkh2RhNiBPBebpv4T9v8=","wyqDx2uhFtgUK51X94rx6JFnth+K6T8PTLn0cVwvT6c=","nw4vwBeUE2LOVpkujwDObdWpMHok9QCyGq6hU3NYXXE=","sWzCk2pjLZNWr/eRWWVBCtiBjIR3yBO4Htmxw+NWtxY=","lfjOjF5JwrUh99w2jpVgzrvRCNRdlon/AqjbisqU1dQ=","euhbNJZ4H9p5Gjg5nPPNuomCwTwAjDzPel1KHx1WsxM=","m4aT0ZpiETcCK3U46zemslPWs3GVdPIQnCZ8DmFk4u4=","NtWcT5xYgvBpdwWdzzozPg/7mZ12ZNOgEbhf6RY8DJA=","Ffd6JT06PmE+AElfUHRulcih7yM7W3DHgtetp6+BCIU=","9R9HBDGINGBJ0hJuUL7sUgZ43hcMisHgKFZz6nh8S28=","Vgjo+JaWaPDY20H5hNcrKmm7vtyZZ15YBD+C61ccYAc=","U8zimq/HpR+PPLsAHn/yHf6wygn8HtMgq3m60vnd0fo=","Vdd3rplFgNWKcZWDfX8AtIRfv4CKsPr0530N6+ZRdU4=","OLvM5VO8eSTl1O53UknTtfZlL81MZd0bnh3aR9tLEbk=","3m/gfpLxcwSCJTDgH9iZWLECJSEoWzpp/yvrrC0uyr0=","789YxFnNAsa7KvxNrMqpY7Hb+KJSP/ttZFozl5tPYeo=","382HYPs5I4svCmtAjj40SMg0wq7oHjkVyl2IhaQBxmE=","GbWfKFJSGvTabJodNhO3V/tcqHf2RItd9Ka/Sm/7WXM=","2lxw1NvEqUDuZdDeXcQu1gvYrjXx3mp0VTjeptNPBYQ=","hlo2KnvdOVDAwIuUjj1AgvK+WA5bcdDX0X2mKAtBSII=","i+2B7PknJ4vCmRh85U0eCWYALCFxhCOP/sqcp/nivos=","e7jPayh9h9obazX0eVa+ioavdRn2J0trQOoR5FIdSYg=","gu8s07c/rhlJmeOtYjRHVmrl33SXqQ3htDFAMs21JbQ=","U5eaKtVzcW8KHhWzDSd32fz5b24v0oMsgPN1+d2ps0s=","ke9Kct6ZnIZf8NVfHtaz5CAYaJyU7oJbGECySRVagAw=","2fz83iRhWxuxV6Kn9U/fviTerHenXWkwGn4yWvq30Kc=","dhH31D05y6gCjO1PmXXL4GZoIz1oHkCvKi3InS7QEuk=","FB7yQqZwuUBJHSqTNHkj5avygFHYJjKJ5xTVyHt7PU0=","SJZxptnu12OhQGFt82v5oFZ9geimx9H9FNwtrLd8EEA=","uBMsqR1IOXGe2V5Sl1rJcBaNOp3L/4ewS0eEIkZ07/I=","7mqlEHj6eQDm6Awy7m/xOaoaL8cZBtu0AlBzVrMF1Rs=","VGC0C3HmUze2yWNfhTkox6u2rod1VS4ejjD2u9nqdgI=","ObWiOV+dwsbbK+H3/nn+08Krtvmgo197TIkm28Qlni0=","WYaT7q39smUCHwxZg65PPjO5vHTYag6+HO4QEU1WwCo=","3HduI5YtIubDkX4Zkqu54tnrG+dM6Ng7Yk7La2GB5q0=","ywC2+bHoUQrlIvwTgfdXqy11ZokSRTCWl03xuyeT7Lo=","F8tlvVQPhaTEUauWBoZyyisgr6dOR05qGe+se0y2lS4=","2Nq6l3BXY9ihLMBgb+EIK9k09fiDkH5YUEDOE/wBRTk=","xVM1sG+yiTR+5DRX22qi9IK7KcU8TOLa2VZ2dyg0lYg=","ALfY64dO7L1w7Oh+MhmAtqzkFT7rDk7XhqfFgGyUKgA=","5GeudilyrgLJDQr/FitcBQworhPR79d8wPBjea41m80=","Ddc90aH6IW5B3awfknnZNp26BIyprRYWDjEzPrFXTd4=","2DqbzPsKKpzSWoviUT5jn8v5tuiMdNSkCIGR+ZOkOEg=","ptUxatcYwiqZbnY1syPNxHxk9VVJFBn1JlPrv/lzWDk="],"block_size":4096,"path":"js/aws-sdk-2.7.16.min.js"},{"block_hashes":["yvAnVoCKUZC8KiIUrDr7oxG1ZB5KS0XzqTYfZlLlAuY=","HHEINfKb4TcMcM1/TymM9MCBJCeBSDkVB8363ucm4M4=","5bSesMkCSi4HHsyzb/JOLv/QZZKjcxXmBILGrJGyfYM=","hnXBA9hpbVqwb7kXoFHDHN/hUOnmdmJSX4CoqTVV/4s=","gan1NoQftJz9dTsNZVYKCrOa8g+8C1+Wd+9l2jj0120=","nZR0R5CFtIHU3TqrSfuY8cV57LtzntapeH/6XeJKu4k=","8FdNW/JKmxiKP6Bbqnb29KmNUw0F/98m6SYPdotzL9U=","pNFTz/OFcIHnpqh4YzVSDaX+LrOSkD8ah/GAhm+Sx+0=","5R6XYUboTjikJbBL7fcygQ5I50Yu8sDPdWlAGWW7zno=","2ilUgbhlmudzFqC7wZHBhYLymmfhiyGmDBwHjgYtN4U=","c4odZ9Si6ScCQOI4sQingMcHO1Csd/0RHJARIw200Hg=","mwXx+KX19/50IBWJ4pkKxwl6G5msobkW4FJDKMqp6do=","EnCDU7L2tF0gxx+Jj2alPzLk6LMbJOhYpJK3enb8FfI=","0mlcI4kJjPWEX6nb41shl5759M8TsGUuYYfpgk+nUy0=","gcitoY63804k+t4wkqs0AuSoJ8VLufJfF4NgwDxkmT0=","Dmlk3XzFcW9O7/tkX3gixiSXHO/TcEt1d3IqhIoxOdI=","iFElPHT9SEGfeK44Fi8dwynqQspULOx+tqywI/IGpIg=","xdCH6BT3uH+cypGLG2NRc2TxRmveJYogulHrCriWRQY=","Lb4inPN63klEmexvaXgyB2KHnyKybpW4yN9qX4pRP4A=","oiaBqvLlSEMf7diFFYWe+jn3A4MTkX9zkbpGxuEQVRU=","HzZ71vdI03eC4RlP4kt6ONNmLM+dxE6zLhLUAJxjPBM=","o3Ih6wn2PygsQDUeY1NZNObp5BCvLJcElfIB/xb7h9Y=","V+RHVBhR4xChH1AAtIVay8jpoi88cE7xdxf5Y2TBRZk=","FHcn8HSZoGVBeNB+c8xXx7rrjsX28Y2LLwcmfVAo5mk=","NJj+WiZcwjlF1E5Y7C4ITSdZYRcNPqkoF+mOJ8fuA6M=","y4YiZobAoOQQIKSnqMgB2Sb1XBO22EZpMPID6OtclZU=","R/pFM6cnpFchN/1Kj0A9v4X5Bg/xpxofodjH3hPULvA=","KaZkPNN6HvvcSN4JGGvpaL/TA+TCw2/7k3FxOXtrHOE=","k7CNoAOXSxTGLrkBhuHpPfg0PuTXBy/JNGv8goVVIyY=","O8TM3Ju26ux4nlWb/BuZ1MQ8a3Z0WzWQt6aWLThotYs="],"block_size":4096,"path":"js/bootstrap/bootstrap.min.css"},{"block_hashes":["teQki1Rq3B8KK5nzaKTntGnZ0ZMy6njgcOXA+KRNn44=","/fMcAjg+tmZ16fvN4CZAuPQt23BRD+tSEWXsuxzJUkw=","WsoKWAiHe20svx9AZi4xAWnr2yn9GAYXeMSL2KaS9bU=","4DO/R5xtIwvmmNIUP/bVzfXYQPF+cn+9uEnpG2dI0y8=","ALKLbMEPxa6VoEnMB5XYFo45M3S4iecn6l5glIBOX04=","SKKTu01WJSHEHgOlb0awQBw8nA/traBybmYwlKAiDgU=","gozBB4aj2xjXe//BAvnMBVKdeXFWnZTq1NSPGlMWTHI=","a8qGZ1SwAHBF2fsWGZjOk8AR0OZH1VgjhUjBRmJ1vR4=","G5KtftW77qtE7TopD75ANh2pJenqO1HEzwVJ00+pu8E=","vUfA5SAk2DDlFdhvKu+pjo+SEhRNDqQf1RM4CsNfH2o="],"block_size":4096,"path":"js/bootstrap/bootstrap.min.js"},{"block_hashes":["YUdPGzCdpDPV1sImaZEO/P9+LEknWsAh3hIgCCkO8ZU=","4ViJVmmkkpmzdUOCKxPMLFQ5fa5idQqkmqOZm+HcRG0=","SoV65S9bt0zespBi55pXU64Y9s2SC5bxA+zWvVqUli4=","GePRg4qQlw2NdO9UUhFRvQS8SBpXNdb4IK6A5DgMmVg="],"block_size":4096,"path":"js/client.js"},{"block_hashes":["nGcVyavvcOgpVNroR2pwIYOCRvY6BkL/LoYdKgqfLtQ="],"block_size":4096,"path":"js/jquery/bower.json"},{"block_hashes":["YOGb+7VAO/7efN8DaKiAqYO/OGmptxvBNZjUMWuW8xk=","2fu2hx//qm0dLRvh+/bVfaNVWrmLeYzruB9n+A3gPxM=","V95QlPe2ViM8iPMw7oRapxsWh2ubqkqwGzzAcVmWFbw=","5BFW/0vB2R8Y19Sff4wmTcCPLOBZLjRE+e8UWSSv+QU=","3Ujq1KNhTIMk2oATvDiKiFW3j2MRsETlBoUhYAytkME=","yHhjxO0OS+RAXr9J5mxQ2pMgiYrM+AZFF4+rVNfXDsI=","0IoX0irJ/aCnL6+GOYFKNj9+tHIf7L9rO42NoBak/AQ=","FZYFcD039qS5Eeq+nZQs01VARxiKqdVZlsfuzEFlFcQ=","eZnXTTh5akPOGXfcADEbl/DpX/pDYRsamTjw6WD6JAU=","pSPgGQmQdMmnWU340qWt0TrBar9gfw4MMCfN3+sOr1k=","5GthUtJ4ZqHDEtP0YNitlq2snITMzi3SJ3LHw2ar2Z0=","W1WTsWZS99TqZehUytiZnHTqgqItHcCxp7hUXCiLu14=","QGs9klS81zGNu+rytkTdU3WvUd450QGsxhPoSeVUYkw=","sg2PGSkkxHyW2FFVEeHDxdObYlIYIQG9UqNgADt3f0A=","u3tDwapTaN61K98ntzX/6d9zwcdLteSJ41C1r+Aa5pM=","AwdoAau1hKVTQUTv1XtEEUxBcctntD1sTG5LvMlH2dY=","rlabQuJ3MWI2MitIey6M0B9YAiSzH2CsMfIwADLlGKg=","E9fefifxaXe7x0eMr0qtwaqOjKPkkLOamhhJhpNpdt8=","qprmggK4QFzDqxSKVOGIRUED9ppqi9L+qA2KN+Gs6QA=","7dpXGlpKvhiL/piCVSaJymtWk1Jzff6e8yh1Ppwy54c=","5H8PjIfnrvLvPB+F0uk8wTM9aUrif6HbSzO/aoyrY5k=","zZ/K+YculCIX4O0x0z2bN0hVD2WyT6xzM3tM/v3vR+k=","nAsPsf7nYbU8q3jsRt3U5wQkX7UBMvlCwDUwSUxbYkM=","dgwksjhUaeLPjt3NBj/SJP6YucEdWIMgw/WrRRJYuWc=","tZgT4VmEGhv+HfkzInUTOXD9Y74PVSfFngvJ7q2xrHo=","j1kkhXPfpsV9lF2rt680yX3Ro4XW3NZwbgCgFg831i4=","yaDWRIihLFeH3opsKWD4xKJ+BObren3ZCt33wZ31SHg=","663hz1YGljvDRoTnWT9H7Adp3YJa+YKnzAR0zQOA+Iw=","pS8CQUn+NXKnn8f8MUhwGZd38s2n39gsujHmOHIP8wE=","DmW178YpGF+KWNlHVGSs8ni0VLSUU0Ta0aNxqEg50sg=","2WhzKYdbxHr4kxGQntefONCacTuSt5p75Awvese7BMY=","XuBX7lmgoUxAqhAgNJU2qqK4sWOBkefmtBxaTMIBRXs=","ywi4ZNvj2nk7IWwkoqVS7BnVplvExTnZiaW2tqt91z8=","tUd6nhYzp23/ASm9JwgnHsGu0vVk1WFc9rsNBrq4nUQ=","oRCJUghr1zB0fmnYJQt1feytaEzZ3hpVa2boxDzFaag=","XTHNPl6dJoysjppuRD3DVt9MbpSzZAGPjibWmUMAvYc=","Yd6dzX0THf7pPo+JgEOLFNKp+iBmQGru/upcBxXUfBY=","thH47XCUai85Tiwpp/4bsj7gu+qHGFc6tqH81X9E9u4=","llJAP+e8CqJI1lCDX5pV3PE/dvSlBmJmErHSzF8Am1g=","kITESv2bkbS3+0/v3PdmtksEoX3Fac2qIrmsu9ogoiE=","Lew6HvLPygZB/Pm1RxisTrAAnPLfkBjLqjRbb9CcwVE=","8c5K/pwXsF6JP3y/+uCoiGNPDISpJv5mWIH1sn9YNkw=","2noD7y8HS3hBw1c17rcHictuL27Wj8B0NG1Z5+57NNc=","sAknWyjcbLgc3bhRNDn6grPsJIRgILlIeYgNei4YoqU=","dWB4QQ6QL82yJJf/iorAVB+kBXpF01bTejYGB7BfNhY=","oBcmrHYGvnZL6ks3A8cdO2FYRGAKb3N1So0C4f6a5NE=","N7DzBasTncwq3rniKQQEFjU0CM/T6fcWssKoTJcUL/M=","E4VNz0FPmMlrErUEycX8vq/ccrQw4vr23J4KPxB+44E=","MhG2kHuTbDuGcwTPva3vKwUcHxeFkTCDkMFNmkW10Go=","BRdxOKw7k/js6ydQ38PjRAASOD49N5ADVicDn2Bects=","iCkze/ws0R6g+smHy0fo978GdESIsRa828XXOG0KQ0g=","LjmEEVhv9ML3FzX4iHjc6fKiTioMvck7MZbFw8Ce+yE=","stUeVzPhlmLcnydcv5eHU+eDv0EAVvbpL5ikU5bWTkY=","QbHMX7EKQw0Oa/6BRiXqeJ1Kk8Ynh/JKIetyz+XHSI4=","4LrcI5Kiu+kLSdb+1JOb2NhPd4d+KtERqBGFnKIWCyE=","ThDZ1hk3cUGS/yYrQWf68nMbMwXrmYO0p5/mefa35w4=","bx8enToAV5RYFxF8sd8tFT/DSahXvpxMnDDyRljpHxc=","T7fP06QhLKSCwb18brQ1Lplv0XhVBbJVToD9R1XOeD4=","qJG9OfURbphgJnB1rQlQp4hbpAuG5QP4Y9poyH7ayPQ=","11wRu96MHoyJ/ynh1ahR99hrGfrka7SeEJDNrKhK5C4=","TrTmkVMIV/fk4kgVxO92EBoqvzSrHIXV9reM4ha9g1g=","oWtDzhwV5gaC7V19bHV8o7r7BV/SdGmynxam1Ry0bU8=","wPcA7bIkInb4PukPHnMZ2WoKJIUCmowHIjRI2lT9rvM=","Jez/ILL3TkNnjTXvs1K5plK6PqFwwbZOjPwoE7Kpu/s=","4hkiACTROVvn0fl2KaednvpJrDrHkEFjHBf2TYaPjRU=","i8Qi1VJjBn5HMRPZJQ6Mrs+1UeCbcxZwfPb4NYJtJcA=","/sj2m6SIUkpiArEH674d2fZNp4RHwCNElhlI/Q1xDO8=","emoZ90wxSVnrtWU60iDhtOULnDk6GexQbgrF8DZaQXg=","vmXNm83r1ELiQCcPFEaOLS5INkM9LtOkSpOz4ok/gXE=","/qg2OD315+xj0yHo7Hc6ctqauG4QGiLHagSnCsrKgFU=","qg0yu7eMWgolUz/ybT0dmY1Vzskd9gKHU05/fpXfHmY=","vfcuR9HTHkNIfc+sT0DlBpV2TZ44WdMhLjmjbPmH6pI=","mSWwRri5djlcDa5VZgpWwsd//hPR1PNbS7K2CkTwpIM=","0mxiaTQBk3FRJgGxRhffSzco2LleJFnpyxaiJhqIyno=","cbWIimiqlSDRLTTKYIhram7Nk/gGD2u367NsVhaJ3VA=","+0xFH3aot+So3+Xv/52RS8wPaAlvZcHIlBLnyg216s4=","UPM2NRue0WRFuEqFC2zlXwPrPHQHiARK0AJjJmnt6sI=","CEtQQqmGnhnz+2plxR0SZJJ43+cQcKZMxBFEa2iJpnQ=","g/1D6n7aliQUPh5j7jPtD1syVHp9gt5aeniavXm+2nI=","FPLTZlqJVhfXGRUGvCG0A7Tu0XQxmA3IdPqykgDhibk=","hS5RtyiqGSisOJU6UhqpBdoReV0xJZgwCfeeF7mJlt0=","uvscMSFCvP0fJ0bv6pYsTGZy86835zfCSAjn1n5z3xU=","7zV2nV60CuKjep1n/Ebpj9MwL8bynHF68UvUgIZc+70=","qlNm8a4lKdaoXg6khdv8F3pVoFpHxjZ80yMTGMWgRww=","MbEnT/51oKq1qj95cG9r7GB8SRG+dH0FJ2elS7hkScA=","qqKeuaAVWa0y9ATsiXDf73HGxKXKlAW4xVXgU+h1Ha4=","iTDKuOavSenmPt7NOMVA+g5h6rLjBScfb4su28Zg7a4=","RJRemHfQzAb3DF2UwOeILU5/RVylmxrVrfdpFOV3sv4=","CK5EpOdbgufBRRL4VpVUKrRyqCHF3X8d7kGJEXz5TyY=","IcxKup1J2VAtN928OZCv/DMv2peKkpz3EKX1hra8d6E=","UEa9Gb7G7SziZkR4uRwNdcgby+4uckPZiClts9H3HHw=","ypgRHvvmvjU9oayCwndIt2L5utI/hrNZ4u/SMm6Mv3c=","O2+SFpJGj2COBW58n6Mzobq0lZVjnF3UyOAjcuCFrO4=","2b5JSu2ja53faEl+fnmaByMkqJ4zsfOhp0XFuIhS/vk=","LiiZ7aZTdmBY426H4YKeT5yI/nclOj2dyR0RzktQkbI=","qrdtFitTEAQNtqhzYVNTpz0ckJihPo/IayBz1seTw3s=","GpxNsIGY+RcQKcBx9950RGyOXYjnxGRunCOSHrZgPbo=","VJ4oLcNTaeNwr+qBb/5vdbrfdzMFespMuFjibrH6dA4=","9KvGjslagsZyZ45+M+1Stakdwbn4EGvb7N6J8unPtzQ=","LViO3pS03bmzynu4im+sHnkhXEVfuLVZrJiLy/7ueFM=","zLFiqqDoyOWsFsfoX8IqahEopU4deke4rpyuUj/awXw=","qgcsS+zeFgqStRe2C9X6XMW7E9tbgj3p0GIe3dGfniQ=","pn4HMIdlKOfqc3hwQxJJA55LBhiar5VhPkpy28u59Kc=","nabLpZJ3EpdLfwJYBmxzmjd+btwgsNScOPMsFOgoS/k=","LDMDXDpBhSx1djFkFbcmWPQ9RN566de/8EJBAna6sLw=","xf6mvuqmOjEyjyrce9BFoGlZViXk1KDj9D8B99A7YQw=","KqkacPCpslmX9G1eG86Z4GRvvraf19PiMU5K1WlqF/Q=","KA/m/UGOfVG39eFk2fNLBtZ1xCMCit3WjCkAWF1N0tk=","7DXNImpzPSh02o7dM+ZOdy0PnMoorAKnFz4XzUi087A=","jfaPCASYKf/O9nT+dOYwv2zfwIxQG91g+b9wyQjTBOY=","fqxDdKV5TH6OzpJt0u4S6h20lHxTjUfnAwULSSmb7Y8=","7B9bhtrAQu6e+oBLcNKhxsGDeFFVmeT5w2K24SKASlU=","55eoqVc72bS+9+ARPki5//eqbLZptMdOa2y6gCX6JZs=","R/0+1sfJ+7IQaxDcs9Ba3mMCBooolqQSqCRhfuuNIMo=","qTmqW/3RWv5nk+TMfI0epGifmmDfjsuAfNwPU5Bm1lc=","xw2APEDhhsWXI2VEsJLFFEVrPneRfYFEpHGGN/ND02o=","TtfhoQPX1wPUQxne9+HQOD7HyulT4lPzlI55cd8L5jc=","0L/5Jhv+5qXtV7lAl6gYWwOjt8XkIJdNVYwzt4DYkNM=","j2h4SGgXo0AS6wpqHdU/Fa9hQn+Cq41sfF117lnoFqg=","pRHbKnIoy3eImUK57Q8nHIKSZ7hrk5dJZOjCN0W9JwA=","UrIDETjRSqMAHy5DaRNRrj+p1SAfVHki5hXJY1jer0E=","30v3410irTnxGh2ZcBZxEUsRP3PtRHUyBOS/ZKP8s/Y=","TZUvbUpcVSeUtjl/iwAVR9/oywEFMD9jk53BXf2xUtM=","G1Y8N6m7UQxfUpFjDB1UcUgoRVS1xKtI1DOnvARgkog=","XvJ/31DkqFBwPX9Ymm9mCJ+AyrT0e/1N84pSwZ9qI/E=","0gTgBjsCldHtYPIvPGSyh490TAOwfx+82wRbNcPpH0g=","a2ply5brBuor72srBWwfHucAvQzG7eh4yVl9XC61G6Y=","zioaj+z4nEwdDtPaVXSAphyTarkkpzydHNDg2gJdmcs="],"block_size":4096,"path":"js/jquery/chart.js"},{"block_hashes":["XzcM6rQB1PeeNkeM5IMH3DDPuVi4XjkcVXgGQyu5eD4="],"block_size":4096,"path":"js/jquery/component.json"},{"block_hashes":["GQP0Z671FhNSI1Zgn5SF+OKHnwCXe86ELnS+uxy+a+0="],"block_size":4096,"path":"js/jquery/composer.json"},{"block_hashes":["EDSyAtnsnDM649+CUpNAgcwwlvxXIfzY6bQdQ5kuMG0=","FS9eJWYQwiqCSCn6VZ9RkA4cgSMwEBhk7tXRdWKD+e8=","zHmYSbZKrpHNMJxhTAYFjiL1Dmk5t3uCJa7t8kx9GJQ=","PX/RGKlArNcYfNHnSZogbaZ9V0gPlDB7FG6OAW6qiEg=","JygKCDKX+rB5BpfHbDL34aQOuAeFreAyXUvWCJ2anjk=","0MxiSzdq3z6eXciwjCE75ByQND/xXmRSgpgg+rSQ+7s=","NoYa7bg6uyUTaAutSc0I7OYPGIFONwaO9S6tvN+Zadg=","RyWBXhjfFi2O/5LjNIh0H0pJQoyYC1ZOvodWtxjqkN8=","SkTtniFdUa/V1UvzPQLwJvDC8OHeQmzjA0Iq6mAr/K8=","U4nbsw8Qv2MPiOsH8DM/NbUQW60dzAzQ5jur5HD8vSs=","SXtzzrQHNPy0nzCAYimjCzbiD7ULXqxNL+0dfF0IAfs=","YMVbgAY6o7dQEFSEnO44bIXkYaswjJHGIewn9V/k8SM=","13PBVcGbmn1CaBypVgsL1FidVY6AL1pgyfToKHk8SvA=","9be0mMiE+FB+4lix4yxsEGhoYVd8pBt/1Nhf8eWZJaw=","0u+jKX5KO9alVhiNoLnrx6Ki7A+3abIDJ34twdxws3k=","YTM8jo8K3D4eOIa94nBazz14lANL0YeqpHpw357D83A=","D+paXs/y+IyCUpdtS5QaOhXntKN8HBM3JQG/k2U0PZo=","QA0MmHy0lucZ+AjlvMGlTiO9s6G7LyIsrSF5RJxjDaA=","pQxx+O9iRu9OOwaRtHPsNoQ4ljjbwN2NBYxMP5vNmtw=","OqXrHXIDZdPa5X4sdFn+xA5mypuQTjLXby8s/ZRV6H8=","X2AMIwDI18lE25ldiy9H/4o6BHBI2qrzkr5nN2LnXCQ=","8RWprzRo9fufPpmxjw71GTQ+BSu29/DYPgPZ4HPQs/A=","R2Zvv5OONhlbO9yuXBNCOUya74MJKbKzIicejdTP1zQ=","rl/vpYhj4DPkfFtWPwa67iSEv+aOggSuDmkCgVxO2DI=","mHJo+JKb7QoSN6F3znK9iMs67QtLrDzEeQVTp3iK+eo=","LwSxZC+svGLoO1mJuLaG6LqgVShKLuciOUxrxm27f0w=","JB/K6jx0y+yzHK1iFBgSzNUTuVeI4exRPomc8/VanCk=","GJYRpPnLuOHPdAKUVZRm63UvXQR7N52hDgKNuj4dVgI=","DDbO/J5dR7quQkKi2AFZIIjWjJO0Jt2vNmb9Ymod7/o=","AHrw9lVR3b6t3Acz6dZPrlPtpbCOFm+VDdDSOvBpfeQ=","3mzrokgQiBZpvX+ejTYAMAYsSvK86CEN6L+Gb0/n0oM=","T0y4oetfmja+LQZno0JnrWZSO0GDt0E9hkc1fkY76NY=","N/BRD9L8OD2LzOixpUFBA09PdmaIwWOU8IvBFXW2+0A=","TO5F48cvYEXNehLIZ0+u18aRGEJ5FPJmAg3Sy48uT/k=","ApLf4bguP9R/k9iX5gX02BHc8cSZV73dnKSQYKRLn6U=","e36gCNvbBOB1Mai6YDc62SSvyvVC9xM1PKmAPXEuVY8=","Ihp8Ch/0E444rBL5wMDgkEq0B5EvyF8MLNfxfcvWCag=","XioqAd6WPPM2ZfDuQHvkcnBreCngg8PeOlaEMZ6/bvI=","MbeEYniwUYUHEyhXLrhgHydI+rvfOmbi9r4UXpa/Hww=","tdLt73r1ewsfODzSToqCCJXk/cByXSWItLApBeyIj3c=","G6zRxIYGU+uFzEvm3JlPKd6QqSfLWfOan1nQU3EZTVA=","5O95feG2mFSGeFWrlpduPfHtZ1xEeHQxlE8nWnoEueo=","dpUrdZrVZc7823gFIyxYcUQZMR4Yc+4jz6SGfPy1x5Y=","zVW20yn2aR71rcvsYu91mRtrnT/jLWla74CTy8aHOAA=","DJVhSpU20pIlX/cBqrpvKsFqbgsz+sSiYCnE59PMumI=","txwl2hkPrGplcbS35TKcv988jAA18sRR2hro1hPbEUM=","7u81pYQGHsEyfonjpZuI8cx7eAUjjL9CwOVmLBCWZm0=","lFO5o3sDZrae/BTnF8PfG2x24iZ+LeINmPZNwfPhlt0=","eEcCuYLY8czeJFZ81x9l+u98PpGMrTAv/xS3RUab2Ec=","ww8gfsnA2Bx7tNTggC5WmiXqb9latxOQW9W1S5LfS9s=","28kZdN8TUo+g6kKF62W9JZgGqOcHl0i5mAGpWAwoYB8=","vgZ6+7NEY15Gg9wXN0Heq775vH0CBfqO1+yd4JqF1c0=","0v5KFA37KHbmQao0nPgdaXSuwRy7nybY7PLjmFEbrqw=","KLIBoeU5cGbO5eeBKiRcw6b7bKbgz8hkrLq7GAQw5u8=","RrLlk4ivb1AsrH1tFT9VAoiPcAgcFulmYtYMAgOgI3s=","fyLogA04+w4G1/N7RD/JHJspOyizl6RAHLzFYuLpQBI=","M889rv6/+ImzoENDqtSbWJ7nHI2fNL9xtD00cEQuHMk=","nv0V3IHQmhAO+lq3wpRDngG/tqdaScBj/zOZNYjpLCo=","O4lf7NuzPRTmB0bLjQ8elZ1QDfoyaAbsxeA1zVA7ObE="],"block_size":4096,"path":"js/jquery/jquery.js"},{"block_hashes":["JwcnXAWEZP2IMTPFmNcH1AEDzF99BbRQQWItvlV9lmc=","X0zBwi60RE9hiDmiwhIoW9HcCUI6c6a+LTt5QdWq7c8=","vFJ0wb4uT+6uYywwUnN4bjwVcRWls4MiGmt9ya2caTg=","HalO14Be0q5JlHEdK6gkYQM5F0oF5SWEuoWUOUeq/c4=","mKVAEO3I120b3ToaMcKWKo4wNQPP7Orpqthj1B9noEY=","Qq56cGEtTE6eBlcADNhiemDfkggWgk4D+MylL3+rZuo=","BJCaRbz6AsLDW/FA/7Za2IvkeS/+IKuMswsfFTzVHMw=","lKpDaYf0ely/02R5vHOseuw4stdSxPH9X27sCRdX0gg=","hfA5O5eDxuR61RsjNXxUC3O0VxjzisiizPOZxJJfPlc=","MV+qoAKPYnIER9ghoLf1LlFTSYHdmH5LyxijrkFIS/Y=","BCUPFFdLa/eIHCX9A4Zo7FHzsF7f2CESX6EMhr21ZnA=","l9gujz6wYdwS6OUUSOr3lC/Mo5N4GDx5blOUiHy/6eA=","RgLJSfyOW9iY5cAboVLoKfif1HNh5RauLR5a8bpypKw=","PgwRMZa7ZUC2T1zRLwxihSpzaz0mQzqC3eSRUun1P/8=","SUI7MQ7RDbB+4Y7rq+BVXs47Wve1pmnU3LMnOllc34g=","TgwGYie0Dl4d/IgPUKCyVjGgIVzzCOW8+m9+A1GKVx0=","k13+/DcAxzNAfVYeb8/NYsO0NnhDXu27oZBjGytNAss=","yYYTKlvIPPHkHWCyb5EJIfepxiYxvFoDUaEO53+gyMc=","qkgsuilFuzjGuHmqgTTXVS1Lr73MIAuAd7ju4B76PxE=","iNmYau8IAEtzmXN43BTTC/qeVJytDtDcoUoJ96KpFao=","g5dDZhH6iP61MaxslkLNOKVFzFjxf5fd+xyDv5AikuY="],"block_size":4096,"path":"js/jquery/jquery.min.js"},{"block_hashes":["nnEQsH7FcCkZZCcmrNmObCqp3bAxTFm+LhYgbt9vDcM=","9RkhzWb95dz3JwcJHbDP7oNAoYT00tdR+E48Lh8flWI=","Izj1P7Rigc6/iqdsH7heKiN3iHKBtR47xsJBa49ydYA=","is8RRRsQ1wrFP9H+zIz8PeLZZ9G9yJnDjC/Q66euHIQ=","2jglnxu/TaglBbGeAiFGs4TDeTeuvyVqH0f4Z2Pes0o=","ldK59a1YxASIUMU4AOkbcBCavwk+aTtn36nDVO7ntqo=","kEisNl8K2r0INAkafQuyRlIEbO0Vgh7YiHFy2gidLNE=","0Lf8jHpOF1yv6IQk6cX7AEj+lgCoUhPrRp5PmJ/DVJI=","yQyzw245sKh+dOhMLSYfacxq/I6Pf1xC6Cabvy6Wm5g=","+HtIx/QLdLujaQro/XQWQkd7vQGWo1JewzmqWOC0+cY=","MTrHVpeRmf63o2nygujAs1Dj0D7tVUxP2ZkshUeVCAs=","c8jik8a49c8x9r0BiRBIJRAish0pcyWSot9ogvX1MJQ=","y9yoJLCATLIGgSjrCro6unm9y32lRKR9FkeilOR1cOA=","DT7NKrpz1WJCO8S5NBzFnDiViE3m8Bf/WFP9v/bQFBA=","suOIOM530XZVVgYVWKLbPBCpiKlg4Y1vxNfrfFoUWfY=","YhoqmGhX5ISN54q037npK2QpoGTA7qEohslxiewuOQA=","M9vMDkjm8TyBMJ9xugrpRGOcN13oljFFw562xcT8fQk=","y1QK6n6rnSyOmgBE/3S5kZYu2AIDM2flppeY5qTtw18=","rxT48vEtxtSmoDkolVn7WwhWIgyoNO5sxSntMJTdggs=","cL1CfgmGXK77N3XO8o6Ob0LwPa0GB1KQGwYYlhuub7Q=","Irk9qZAI22mNfXu0nbet3CFhHNrVuFDmzztGfBuHPzU=","LSbULrvqwC+srMTtvhfy1yL4WPAz+wAdU7yDJMCHJRE=","n02/0psuklzxdDX0pdeUyyTTBYNiqgZxROoX1OGm9zg=","iOag8eAYas0P/9NQp72cwSd2SCw7pGg6w4HqdkSQows=","7/V4ctcdbjBk/XBsVzxJQsUfbUl9cZQwaL31nbZ1u74=","rBPuJUbuNz3qP+62+1bBmeUx5jm6Pz2OxhQXXMlYrPE=","y+PF1KGPThZI3qXY7WDGe2fYohlx61BVeZNMBuBu7Fo="],"block_size":4096,"path":"js/jquery/jquery.tablesorter.js"},{"block_hashes":["0MtvmAc6uiPc6YyOzHNe6E9jOVzd55QYyLHQkAIWB5E=","Rh6GO08QARWux36vAUHJYUeh4OXAPqsiqgzhkV8XbGw=","YOVl0WoL1bhkhVtyq16qhab+Yx8quBmCxIx7yLIyp0s=","L5Z84X6MPzaCLOSgCAifIEvE6j6QewvLg6G+hNm7f2k=","SBoP9FPolbTabjkwyZZBcX4cBxZnfWfwXAza/ElXQLk=","gZGloCfsZGZEwZLBQmPr7rcfNHKVhG4tYqHI790chHg=","6kSMkB6c5gCokM0H47iWSD85vXgivxh+rKoS+BWQoZs=","OvI48wG7mIHfAJS07pJMUtHaC8VlXRniuYLMHsSS8Z0=","0gPanszigxVUFY158g3i+WD0Swanl13qUST8pVGpCZ8=","YaCh28sgEHtEwgrrapBYXyCoayHS6/gTkfxbRKoXf1M=","MJQSjl17X9dddTXhnmHvjQPlvC/0rE4lWh7WvoBc2Pk=","7izrfcVwRUmbXVtu3sGG1O9GbklB3Y2V3dIXtonQO/o=","mFOLlqum68qsuTAVbonpIwhELyEnP9hL4rFx6Ia04R8=","Q/FfWIESINE4dpvbpAJygoK4y1uVSqbWC0P7BFoQDRs=","2Mlh8mO5C9wzLuNuj08qh3Mcz5HwlN1gns9LvIITKsc=","LCpxUjCqepMzV5AxbFG88tJqXA+CcWFVCjP9ijNo1PU=","5yPjCtaoccHlYUvW3d9FKbwfoGG1H13dqdVFNFYO56s=","wdcRe5MNS0S7YW3zvMnpQme15/f2GGjTy3qOA7nysWU=","myutAE2/q4sFHBw5HGP5JqTS966+81w3kMh8zsGDvqk=","ZZTNPU1w54bCBJC0JoeymXIPRjerUF7nd5KdAc3MOxA=","omQ8GZ0vBKb/pQflYPpXfOJQdWvSB4nR2kgDg65H7Qs=","M9bXQWQJTNbAV1vxJPq5SiWHwXNJNR3z94UaI/kY6W4=","Kk5ucgYS5gqq/ZJbh3Vuqqq0QV7+ZdSsm5DK+I2oTh0=","17jef5GvwXdilYtFnYK3zPX1ltPDXKv4qXpvjdTfVhk=","bF7HKuWUPAVtdV/GGJuRga7NliYiEUxnzM7q8qCVl4M=","SO7pknTngN631LcVibHxMhHzxTEd6waPk5PzWaWNHlU=","aG2fYWYsyG6G4Nd+uiXCVsvqtreoTAkBbubHJg+gdxk=","lLgPRb+TACPmr+plm3Zk2YAYSSNfqTq+xtREbHyLVVY=","oADrLLG44/I5OLc04ZN8ZY1VzAdkX2l8cvhmd39jEpM=","H4hTv0xEXGMyMdHMBVaP24hlCYCQWNaVKG8g08zSbx4=","k0HLf9WQ+IcPt3PYlHdO43K4xrlhAvrJ4LorcbePdmM=","cHCeNAD9F/qyxuzpLl4S3/qntJrINoloduDhmkjH99w=","ZmhKPmMMBL+/gyYkQ4DzFefMSV7Zeyl+lZh7Ekma2dE=","A4k8qQjrlWniA0EOC1YrLmDhRXufxMdKUjr1rUVudCs=","TtYWFR4FEr+cKd2iRCQA9TNgXKKAsKlfUnOB8jGc+4o=","yDQQd5caLYO87kwtlSIdAJQHL4oa4AHHuWAbgOIe34g=","Px/dU4Yin+zra6IBf8TJkUvoByfMxE1dpbf3mEJT7Pg="],"block_size":4096,"path":"js/jquery/jquery.tablesorter.widgets.js"},{"block_hashes":["Q2phDpAonP9+sfU+1Bkir7X68qXsNBJiK3YY8H43VbA="],"block_size":4096,"path":"js/jquery/package.json"},{"block_hashes":["6pTHux129ulnokSv1TFDKBiwrHzc4JpnV7pdjpZhkpI="],"block_size":4096,"path":"js/jquery/README.md"},{"block_hashes":["hER8Pawq6MewP0lsHdOVA6e5LtLRMdhVWCZ+VzWI+2I="],"block_size":4096,"path":"src/bg/background.html"},{"block_hashes":["Au+eT/AWl/SDZ7V0vQv7IUdjbY6HcRqL4TtxxWN6+JY=","TV2cLsU2JLy91082M2HXPFsErUWqcsrUX4oxyRT7Iyk=","DbTgvHfTiuecemZvH8pxIOmJULlPrC11ihsS3Ef+SMo=","M2jmlOJKy0X7klGYcpR0MomM9YqpTYWHFG8i8nzBloI=","7YC98hCX4SO7ApmV6V5M852Oif+XFTZjJ9xW3ANKRws=","KQBM7Vr8wYlu1Ag+Ncs/0p9c3844Ge/5+V8Pbp80XsY=","n1fHN6oAJIW+nfWys+m8XZczeWp9DIYbDxypNVG3cRc=","/PdGhskkjfGcGUUbb7puv8i3JUhHYOerYWTKXOWpzy8=","a8NfVvxEsS5CjVBOricLrQN8mjB2KlBarAsvLUD0xYQ="],"block_size":4096,"path":"src/bg/background.js"},{"block_hashes":["iEuyvsmt2P6yD9kWGk9NBac10DvGxqSvz308L77PuKo="],"block_size":4096,"path":"src/ext/external.js"},{"block_hashes":["2AhBomcYEOTlKvICiUXjMi6lMvtYhvLy+/FFgf+0NsI="],"block_size":4096,"path":"src/ext/setToken.html"},{"block_hashes":["FO569Fh3TY3hRlzC+zUci5cVD/rbjrY+ZQjKhJxNzxU=","r81NfpPwKLaTj+DbhtFedAH0oaByRugmKqMHnioiu+g="],"block_size":4096,"path":"src/inject/go-locker-icon.png"},{"block_hashes":["inXDptBq96VFRYC4y4xqt4K019I+wEleVJ12S0SqQgA=","1lhaV78DOrUYXDRre3MdmYg8KOEgd/efVsTtjszSK1Q=","Uotkw+/QQBAL2KrfZvxFSWYmcnKGCZJCha9akq8XxFI=","GcHDjsuBP08f2+F6keyAmt+NOdfZCe6zti7OxgVaBoU=","2pffMl7EtgE5QKfiGB1WSLMpLIYKjVaa9rpoOiGnj5U=","GafyVBtL2nyimNoz8QVIlwgbmCiPpb23ByiwbzAs+uk=","yHGzecOTB7H1nU+7luepjyj7MkFzZ09u0JDRFyUskf0=","+t4yfbL7fn5JE6ihrN/Vb8kb4h8sKYCERr1SvjoNbaY="],"block_size":4096,"path":"src/inject/inject.js"},{"block_hashes":["WdAO4r7DLifkKpGLteWIYLg97dV0Fsv1RL0Zhcdz81s="],"block_size":4096,"path":"src/inject/xhr.js"},{"block_hashes":["w2Kz+XWtORIYKFYLXWdubgFPIuLxUN9hMR5C0Vf71ZQ=","d7ih24VqmMEAOogBngXeax4K6V3EPmWEFPWHorfF6mU=","wEifaUoTcTwA3ZaYCQ74sn+E6dCsGecxrFR1aM/fkQ4=","IQ/gjYh1B+PkVKjaMp2LIHujbqXqDnmk3WmSc70nnOc=","yZXjw+aZ/XXA4yzXYUnXQ7kb8CqZbr9T/c7axlWVp/M=","9pB6gweVcdU85wcKIa0XaCZU3wh61oudtkQ/hJDD84A=","BBU6ZRbQibURQCmCq0mX3cD6kS85duRp31VrUJ9YmKU=","PT4APRMlhTF30IbXyKtMSd++8tP6XFIMDhQmT6lI+LI=","4W2fVKr2DvGEEDiWbNDmB6hkyL++Ha35MMfC6DlDUJc="],"block_size":4096,"path":"src/page_action/aws.js"},{"block_hashes":["+zlsSgyFwTdmBelJGFWs9J3wHRaCbZm67LeVts0XXnQ=","K/cMtzgLvobfTR28Z4xLIlE5zEDkI9dcU+54NkTB89g=","qJgI8Vrgt4NBBn6X+jr/Yb/MMrQfz7MvLYBG8EygOIs="],"block_size":4096,"path":"src/page_action/browser_action.css"},{"block_hashes":["SyxiRGTlaqJl43nIbQQOrxOjA+M9mUQRTQ4fPDlDcew=","4dUBcqiIOPCI/z5Jwdwp4xbhytbLFmt78gz0f1owAYs=","i9byX1PZdz9Wi9Ig4WzZ/Ay8OcQEoAzHLVZ0rWUK6VU=","NaKVnrKwRfc0muWcQdnvZ8yyYwJABqE+9HyhKSMjVoM=","k6cFNbFoJdnQ+lCQrlTZFzxQfcKVabtPE+VKfiqkO34=","1kvCf3VvMvUqWQAjPfhn3Mi8ZqWvS6fU4Px9VCCQlMM=","oHMgfrTOQP2Mu+15xY7Ekq0HnRc+6UNN/Nb3KWTzOxI="],"block_size":4096,"path":"src/page_action/browser_action.html"},{"block_hashes":["rjhzqCqD/k+9pxL/9FpWo5IJlzay93Nc4TwG1ZlWS7E="],"block_size":4096,"path":"src/page_action/chartdraw.html"},{"block_hashes":["I/pcD7bRIwNdzcVGLDPe6Y+WSosOnNHliIpoS0b2WKA=","SN5ouKh+Ug09+4n6tPLS23BFX6c1cTWYv4B2B3Xmcw4="],"block_size":4096,"path":"src/page_action/chartdraw.js"},{"block_hashes":["8mvyRbfan7L11Drv2ecj5eZ/Ry4vFAYQMVpqX7LxldE=","67OtD/WjUT7OwmUgC92M5rQQz5SeZxXTP0auwMuMze0="],"block_size":4096,"path":"src/page_action/excel-xls-icon.png"},{"block_hashes":["9HjfepRGmft/IDfbdMPrtBxoCpe0pRCorST8wdqhQA4=","kblFEVzdWnV91T5Kw8P0a9ZcaVERONfGLg4/AD1DKPI=","SaYqfmEpUClwXQBUP8e7a7/l0dkFsUoHjAj5hVEdvXI=","Ury1Mgr5/JAusShDSW04rXNvjIHDSIwD2ERjlSx85g8=","w+0lGAbyyxPbYd9sdHaFoqccqvU8XKGsObiGyzLkJck=","s9dtSBHODrU7K01tHLAdVi3mzwY+XROERCBG3Mhnio0=","zo0CmCub0FicC89NHGExKARbadKBaehyogqwOQjIIbg=","APOki8asSou9y+WVjkHe81brqlAnTdqbsUjKJzNArT0=","elHb43WnJdwTA1upQ31U61NgOHhgd3YlfilpLirmNVo=","MFX+cUivkb3Q/izkvfxhbGiE3TI5cOdQXOr3agzwt2s=","o89eB9LqftFxeejyzRyx60Z2grwhgmAvHsAXVXvPhto="],"block_size":4096,"path":"src/page_action/page.js"},{"block_hashes":["VmVD6SHSFJ1optWvrClVnu+DB1zyPT/dcPDUfQtSZEU="],"block_size":4096,"path":"src/page_action/page_action.html"},{"block_hashes":["OK8fhUDHaJiqx0d4WiiaNzNcVqS3wYQz340zsswuNko=","mITMTnDamRKrUsD0Dnu6DLt6nX0RydWSRIs4AE6s7RQ="],"block_size":4096,"path":"src/page_action/profile.css"}],"version":2}